train_loss,train_accuracy,epoch,step,validation_loss,validation_accuracy
0.42439255118370056,0.9230769276618958,0,6,,
,,0,6,0.36876529455184937,0.9629629850387573
