validation_loss,validation_accuracy,epoch,step
0.4890645444393158,0.8888888955116272,0,6
